2,Introduction,3.733579E-05,89
4,Introduction,1.335179E-08,89
6,Introduction,4.199938E-13,90
8,Introduction,1.229973E-17,91
10,Introduction,4.155748E-22,92
12,Introduction,1.307232E-26,94
Average,90.83334
Peak,94
